date,注册量,新增,日活,累计激活,订单数,收入(w),订单人数,次留数,7留数,激活率,次留率,7留率,ARPU,ARPPU,付费率
2026-01-28,,1,1,,,,,1,1,,100%,100%,,,
2026-01-29,,385,386,,,,,282,188,,73%,49%,,,
2026-01-30,892,76,359,599,,,,43,24,67%,57%,32%,,,
2026-01-31,205,59,347,2,3,65,2,27,13,1%,46%,22%,0,32,0.6%
2026-02-01,331,82,351,103,31,1665,27,43,23,31%,52%,28%,5,62,7.7%
2026-02-02,232,78,399,110,38,2218,28,46,28,47%,59%,36%,6,79,7.0%
2026-02-03,213,77,388,81,35,2155,27,41,25,38%,53%,32%,6,80,7.0%
2026-02-04,176,119,455,77,29,983,23,43,24,44%,36%,20%,2,43,5.1%
2026-02-05,130,83,447,70,43,1504,25,28,14,54%,34%,17%,3,60,5.6%
2026-02-06,152,102,448,96,37,769,25,48,19,63%,47%,19%,2,31,5.6%
2026-02-07,177,65,435,79,55,2680,30,32,17,45%,49%,26%,6,89,6.9%
2026-02-08,154,86,445,89,30,1434,23,48,9,58%,56%,10%,3,62,5.2%
2026-02-09,228,130,527,126,34,1546,19,86,50,55%,66%,38%,3,81,3.6%
2026-02-10,121,73,521,75,42,1953,21,29,26,62%,40%,36%,4,93,4.0%
2026-02-11,86,34,487,32,73,3069,33,13,4,37%,38%,12%,6,93,6.8%
2026-02-12,101,51,460,44,50,1751,28,17,2,44%,33%,4%,4,63,6.1%
2026-02-13,76,41,396,36,62,3085,31,13,7,47%,32%,17%,8,100,7.8%
2026-02-14,64,42,408,40,36,1620,24,21,6,62%,50%,14%,4,68,5.9%
2026-02-15,145,85,487,111,23,881,18,38,28,77%,45%,33%,2,49,3.7%
2026-02-16,332,270,766,284,22,1914,18,53,61,86%,20%,23%,3,106,2.3%
2026-02-17,41,23,364,22,28,1030,17,11,7,54%,48%,30%,3,61,4.7%
2026-02-18,65,34,415,41,21,1452,15,21,2,63%,62%,6%,4,97,3.6%
2026-02-19,84,42,422,31,29,860,19,30,19,37%,71%,45%,2,45,4.5%
2026-02-20,51,30,471,20,30,897,17,16,10,39%,53%,33%,2,53,3.6%
2026-02-21,163,33,491,36,31,1909,21,15,5,22%,45%,15%,4,91,4.3%
2026-02-22,111,29,524,30,28,799,21,14,8,27%,48%,28%,2,38,4.0%
2026-02-23,150,57,540,58,38,1415,17,27,10,39%,47%,18%,3,83,3.1%
2026-02-24,165,52,597,46,55,2278,36,17,11,28%,33%,21%,4,63,6.0%
2026-02-25,135,42,589,41,65,2444,35,15,7,30%,36%,17%,4,70,5.9%
2026-02-26,139,38,580,36,38,1403,29,18,7,26%,47%,18%,2,48,5.0%
2026-02-27,128,46,572,65,46,1798,30,27,16,51%,59%,35%,3,60,5.2%
2026-02-28,152,67,576,59,42,1308,22,32,16,39%,48%,24%,2,59,3.8%
2026-03-01,120,54,624,53,50,1424,35,15,18,44%,28%,33%,2,41,5.6%
2026-03-02,93,40,587,47,21,1209,18,24,13,51%,60%,32%,2,67,3.1%
2026-03-03,104,53,579,56,37,1390,27,32,13,54%,60%,25%,2,51,4.7%
2026-03-04,95,53,656,47,35,1400,22,24,18,49%,45%,34%,2,64,3.4%
2026-03-05,92,47,663,49,37,3495,25,25,10,53%,53%,21%,5,140,3.8%
2026-03-06,61,29,593,24,55,2071,29,19,4,39%,66%,14%,4,71,4.9%
2026-03-07,83,46,549,49,24,882,19,31,11,59%,67%,24%,2,46,3.5%
2026-03-08,101,35,550,38,24,918,14,18,5,38%,51%,14%,2,66,2.5%
2026-03-09,58,28,555,22,44,1334,27,11,8,38%,39%,29%,2,49,4.9%
2026-03-10,91,49,539,45,43,970,28,11,6,49%,22%,12%,2,35,5.2%
2026-03-11,79,48,534,36,35,1121,21,14,12,46%,29%,25%,2,53,3.9%
2026-03-12,42,24,518,24,45,1797,23,9,7,57%,38%,29%,4,78,4.4%
2026-03-13,71,37,544,35,42,1793,25,18,6,49%,49%,16%,3,72,4.6%
2026-03-14,154,29,511,35,32,2033,29,12,3,23%,41%,10%,4,70,5.7%
2026-03-15,125,37,554,39,27,945,21,16,12,31%,43%,32%,2,45,3.8%
2026-03-16,63,27,532,23,26,1565,18,13,4,37%,48%,15%,3,87,3.4%
2026-03-17,68,32,531,29,23,1295,17,17,2,43%,53%,6%,2,76,3.2%
2026-03-18,70,27,584,28,33,1521,23,12,6,40%,44%,22%,3,66,3.9%
2026-03-19,59,23,555,24,20,599,16,15,5,41%,65%,22%,1,37,2.9%
2026-03-20,55,32,592,20,26,1322,20,13,3,36%,41%,9%,2,66,3.4%
2026-03-21,49,22,598,22,27,2453,24,11,1,45%,50%,5%,4,102,4.0%
2026-03-22,43,18,531,16,32,1229,24,8,4,37%,44%,22%,2,51,4.5%
2026-03-23,30,29,568,17,55,2242,27,13,7,57%,45%,24%,4,83,4.8%
2026-03-24,33,14,557,10,25,1345,19,5,2,30%,36%,14%,2,71,3.4%
2026-03-25,41,19,550,18,36,951,20,10,5,44%,53%,26%,2,48,3.6%
2026-03-26,53,23,539,19,19,964,18,10,3,36%,43%,13%,2,54,3.3%
2026-03-27,81,24,518,24,26,602,16,13,8,30%,54%,33%,1,38,3.1%
2026-03-28,61,19,531,16,25,577,10,6,4,26%,32%,21%,1,58,1.9%
2026-03-29,69,25,550,24,21,672,12,10,4,35%,40%,16%,1,56,2.2%
2026-03-30,43,14,546,11,27,822,17,6,4,26%,43%,29%,2,48,3.1%
2026-03-31,36,11,563,11,45,2187,23,7,2,31%,64%,18%,4,95,4.1%
2026-04-01,58,36,608,28,53,4396,31,16,12,48%,44%,33%,7,142,5.1%
2026-04-02,44,20,548,19,42,2828,24,8,5,43%,40%,25%,5,118,4.4%
2026-04-03,34,29,530,18,35,986,23,14,7,53%,48%,24%,2,43,4.3%
2026-04-04,34,14,536,11,29,1433,25,9,5,32%,64%,36%,3,57,4.7%
2026-04-05,35,32,572,21,25,943,18,12,5,60%,38%,16%,2,52,3.1%
2026-04-06,28,15,501,16,14,497,12,7,2,57%,47%,13%,1,41,2.4%
2026-04-07,27,12,516,13,33,1008,14,8,4,48%,67%,33%,2,72,2.7%
2026-04-08,28,14,527,14,18,414,11,6,1,50%,43%,7%,1,38,2.1%
2026-04-09,22,21,544,16,38,2290,25,13,8,73%,62%,38%,4,92,4.6%
2026-04-10,19,9,494,5,24,918,16,4,2,26%,44%,22%,2,57,3.2%
2026-04-11,39,15,508,17,51,2540,36,9,2,44%,60%,13%,5,71,7.1%
2026-04-12,46,19,507,18,35,2872,24,9,4,39%,47%,21%,6,120,4.7%
2026-04-13,24,8,514,11,17,548,13,3,,46%,38%,,1,42,2.5%
2026-04-14,22,13,492,12,30,1068,21,5,2,55%,38%,15%,2,51,4.3%
2026-04-15,32,16,497,13,14,2454,10,7,4,41%,44%,25%,5,245,2.0%
2026-04-16,21,13,528,9,29,860,21,4,3,43%,31%,23%,2,41,4.0%
2026-04-17,70,9,484,13,127,5631,84,3,2,19%,33%,22%,12,67,17.4%
2026-04-18,107,9,473,7,90,3276,64,5,5,7%,56%,56%,7,51,13.5%
2026-04-19,131,15,491,9,71,3045,45,6,5,7%,40%,33%,6,68,9.2%
2026-04-20,115,17,476,18,34,1594,24,5,3,16%,29%,18%,3,66,5.0%
2026-04-21,113,12,417,11,41,1307,28,4,,10%,33%,,3,47,6.7%
2026-04-22,62,9,457,8,31,691,18,6,,13%,67%,,2,38,3.9%
2026-04-23,69,13,457,12,50,1512,29,8,,17%,62%,,3,52,6.3%
2026-04-24,148,16,500,12,29,2320,20,8,,8%,50%,,5,116,4.0%
2026-04-25,148,16,487,15,38,1658,28,7,,10%,44%,,3,59,5.7%
2026-04-26,191,26,511,19,40,3529,29,5,,10%,19%,,7,122,5.7%
2026-04-27,183,9,449,9,27,810,14,5,2,5%,56%,22%,2,58,3.1%
2026-04-28,92,17,327,14,20,854,15,6,1,15%,35%,6%,3,57,4.6%
2026-04-29,65,15,378,16,14,302,7,5,3,25%,33%,20%,1,43,1.9%
2026-04-30,67,15,377,14,23,1561,16,2,4,21%,13%,27%,4,98,4.2%
2026-05-01,49,19,379,15,18,1011,11,8,2,31%,42%,11%,3,92,2.9%
2026-05-02,34,9,347,10,14,302,11,7,3,29%,78%,33%,1,27,3.2%
2026-05-03,49,12,364,15,17,365,11,7,2,31%,58%,17%,1,33,3.0%
2026-05-04,39,18,390,19,13,265,11,5,2,49%,28%,11%,1,24,2.8%
2026-05-05,23,10,339,9,20,380,16,6,3,39%,60%,30%,1,24,4.7%
2026-05-06,47,16,379,11,15,534,11,7,4,23%,44%,25%,1,49,2.9%
2026-05-07,44,19,351,21,11,215,9,5,2,48%,26%,11%,1,24,2.6%
2026-05-08,44,18,337,17,17,377,13,8,2,39%,44%,11%,1,29,3.9%
2026-05-09,31,10,365,7,13,679,10,3,1,23%,30%,10%,2,68,2.7%
2026-05-10,104,11,350,15,20,404,17,2,,14%,18%,,1,24,4.9%
2026-05-11,46,7,370,4,23,698,13,,,9%,,,2,54,3.5%
2026-05-12,69,7,300,7,15,291,14,1,1,10%,14%,14%,1,21,4.7%
2026-05-13,61,10,343,9,12,459,7,5,3,15%,50%,30%,1,66,2.0%
2026-05-14,28,7,318,7,7,139,5,3,3,25%,43%,43%,0,28,1.6%
2026-05-15,44,9,311,6,12,837,10,4,,14%,44%,,3,84,3.2%
2026-05-16,33,5,340,4,18,438,13,2,1,12%,40%,20%,1,34,3.8%
2026-05-17,36,11,310,13,23,929,13,4,3,36%,36%,27%,3,71,4.2%
2026-05-18,30,11,298,8,3,63,3,6,1,27%,55%,9%,0,21,1.0%
2026-05-19,21,7,292,7,9,189,4,1,,33%,14%,,1,47,1.4%
2026-05-20,19,7,296,7,12,495,7,3,1,37%,43%,14%,2,71,2.4%
2026-05-21,25,6,267,4,5,296,4,3,3,16%,50%,50%,1,74,1.5%
2026-05-22,34,4,258,4,12,240,8,3,,12%,75%,,1,30,3.1%
2026-05-23,27,5,274,4,16,718,9,2,,15%,40%,,3,80,3.3%
2026-05-24,58,14,308,13,23,539,18,6,1,22%,43%,7%,2,30,5.8%
2026-05-25,24,2,317,3,4,271,4,1,,12%,50%,,1,68,1.3%
2026-05-26,37,11,295,10,7,119,4,7,4,27%,64%,36%,0,30,1.4%
2026-05-27,71,6,266,7,5,113,4,2,,10%,33%,,0,28,1.5%
2026-05-28,47,4,315,6,36,3406,22,1,,13%,25%,,11,155,7.0%
2026-05-29,41,12,308,8,36,1969,26,7,,20%,58%,,6,76,8.4%
2026-05-30,66,10,330,10,33,1110,16,5,,15%,50%,,3,69,4.8%
2026-05-31,62,8,343,5,27,904,22,4,,8%,50%,,3,41,6.4%
2026-06-01,37,5,302,3,29,1784,13,,,8%,,,6,137,4.3%
2026-06-02,,,,,13,293.0,10,,,,,,,,
2026-06-03,,,,,15,733.0,12,,,,,,,,
2026-06-04,,,,,21,573.0,14,,,,,,,,
2026-06-05,,,,,19,652.0,12,,,,,,,,
2026-06-06,,,,,6,182.0,6,,,,,,,,
2026-06-07,,,,,11,723.0,11,,,,,,,,
2026-06-08,,,,,14,292.0,10,,,,,,,,
2026-06-09,,,,,11,448.0,8,,,,,,,,
2026-06-10,,,,,39,1572.0,18,,,,,,,,
2026-06-11,,,,,26,777.0,19,,,,,,,,
2026-06-12,,,,,60,3603.0,41,,,,,,,,
2026-06-13,,,,,34,1419.0,21,,,,,,,,
2026-06-14,,,,,45,1421.0,27,,,,,,,,
2026-06-15,,,,,12,690.0,3,,,,,,,,
